{"cameraMode":{"drawMode":0,"name":"Shaded","section":"Shading Mode"},"sceneLighting":true,"audioPlay":false,"sceneViewState":{"showFog":false,"showMaterialUpdate":false,"showSkybox":false,"showFlares":false,"showImageEffects":false,"showParticleSystems":false},"in2DMode":false,"pivot":{"x":136.66517639160157,"y":-15.433313369750977,"z":38.754154205322269},"rotation":{"x":-0.06923189759254456,"y":-0.6126421093940735,"z":0.05399777740240097,"w":-0.785468578338623},"size":160.29330444335938,"orthographic":false}