{"cameraMode":{"drawMode":0,"name":"Shaded","section":"Shading Mode"},"sceneLighting":true,"audioPlay":false,"sceneViewState":{"showFog":false,"showMaterialUpdate":false,"showSkybox":false,"showFlares":false,"showImageEffects":false,"showParticleSystems":false},"in2DMode":false,"pivot":{"x":35.3299674987793,"y":-38.77448654174805,"z":119.12481689453125},"rotation":{"x":-0.23213936388492585,"y":-0.07084159553050995,"z":0.016954105347394944,"w":-0.9699512720108032},"size":220.41734313964845,"orthographic":false}